LocationCode,year,negative,neutral,positive,sentiment,tweets
BRG1665,2015,56,203,122,0.1732283464566929,381
BRG1666,2015,78,891,535,0.3038563829787234,1504
BRG1667,2015,81,418,311,0.2839506172839506,810
BRG1668,2015,250,1005,638,0.20496566296883253,1893
BRG1669,2015,516,3064,1855,0.24636614535418583,5435
BRG1670,2015,324,1897,1234,0.2633863965267728,3455
BRG1671,2015,333,890,974,0.29176149294492487,2197
BRG1672,2015,291,1052,484,0.1056376573617953,1827
BRG1673,2015,288,1588,968,0.2390998593530239,2844
BRG1674,2015,294,1661,1140,0.27334410339256865,3095
BRG1675,2015,61,332,187,0.21724137931034482,580
BRG1676,2015,249,970,489,0.1405152224824356,1708
BRG1677,2015,3244,12243,6913,0.16379464285714285,22400
BRG1678,2015,48,175,147,0.26756756756756755,370
BRG1679,2015,397,2907,1674,0.25652872639614305,4978
BRG1680,2015,653,2003,1211,0.1442979053529868,3867
BRG1681,2015,188,1299,939,0.30956306677658696,2426
BRG1682,2015,13,49,50,0.33035714285714285,112
BRG1683,2015,19,64,34,0.1282051282051282,117
BRG1685,2015,1675,4186,2050,0.04740235115661737,7911
BRG1686,2015,21,116,51,0.1595744680851064,188
BRG1687,2015,39,298,168,0.25544554455445545,505
BRG1688,2015,334,864,478,0.08591885441527446,1676
BRG1689,2015,2346,6590,4708,0.173116388155966,13644
BRG1690,2015,49,408,426,0.4269535673839185,883
BRG1691,2015,14,172,100,0.3006993006993007,286
