LocationCode,year,negative,neutral,positive,sentiment,tweets
BRG1665,2014,57,178,123,0.18435754189944134,358
BRG1666,2014,146,762,583,0.2930918846411804,1491
BRG1667,2014,112,381,293,0.23027989821882952,786
BRG1668,2014,282,941,627,0.1864864864864865,1850
BRG1669,2014,998,3037,1969,0.1617255163224517,6004
BRG1670,2014,519,1927,1245,0.19669466269303712,3691
BRG1671,2014,409,1133,1150,0.27526002971768204,2692
BRG1672,2014,343,896,488,0.08396062536189924,1727
BRG1673,2014,443,1809,1135,0.20431059935045764,3387
BRG1674,2014,443,1464,979,0.18572418572418573,2886
BRG1675,2014,89,223,143,0.11868131868131868,455
BRG1676,2014,314,1119,672,0.1700712589073634,2105
BRG1677,2014,4609,10536,6457,0.08554763447828904,21602
BRG1678,2014,58,176,118,0.17045454545454544,352
BRG1679,2014,707,2446,1801,0.2208316511909568,4954
BRG1680,2014,845,2190,1117,0.06551059730250482,4152
BRG1681,2014,339,1623,933,0.20518134715025907,2895
BRG1682,2014,13,53,26,0.14130434782608695,92
BRG1683,2014,22,48,21,-0.01098901098901099,91
BRG1685,2014,2300,4314,2181,-0.013530415008527573,8795
BRG1686,2014,12,88,51,0.2582781456953642,151
BRG1687,2014,51,362,211,0.2564102564102564,624
BRG1688,2014,530,1090,469,-0.02920057443752992,2089
BRG1689,2014,3722,7724,4953,0.07506555277760839,16399
BRG1690,2014,111,665,415,0.25524769101595296,1191
BRG1691,2014,35,122,78,0.1829787234042553,235
